{
  "project_info": {
    "project_number": "153901103037",
    "project_id": "xfxalfn-codelab",
    "storage_bucket": "xfxalfn-codelab.appspot.com"
  },
  "client": [
    {
      "client_info": {
        "mobilesdk_app_id": "1:153901103037:android:244ae4e4d1901374a044d4",
        "android_client_info": {
          "package_name": "com.example.flutter_basic"
        }
      },
      "oauth_client": [],
      "api_key": [
        {
          "current_key": "AIzaSyButoNKA1pNB14crYOnO8bFSOjGYZSwnzc"
        }
      ],
      "services": {
        "appinvite_service": {
          "other_platform_oauth_client": []
        }
      }
    },
    {
      "client_info": {
        "mobilesdk_app_id": "1:153901103037:android:bf2a63a67d96f8e0a044d4",
        "android_client_info": {
          "package_name": "com.example.medical_app"
        }
      },
      "oauth_client": [],
      "api_key": [
        {
          "current_key": "AIzaSyButoNKA1pNB14crYOnO8bFSOjGYZSwnzc"
        }
      ],
      "services": {
        "appinvite_service": {
          "other_platform_oauth_client": []
        }
      }
    }
  ],
  "configuration_version": "1"
}